public_run_id,metrics_record_sha256,run_manifest_sha256,analysis_json_present,source_metrics_bytes,source_manifest_bytes
P1-001,d0d0d1fece8392795445bf591a12a58d3cedc236dd92219d7c84613a28123d88,d5d3f20f504442a77c5c96d14c81b4379c9a5649690ae3700b7740ad613d1b3b,true,1673,577
P1-002,5e08b4d0bb3735069123e67a396889bd71b365e5170e637c0f4a3d3528f7bde3,aef4d021e17e2142c59baac9207c7d228fcfb6f9cd5b2cb08ce3f569ee83c3a6,true,1658,577
P1-003,e8238cf0bd3988d34f53e1aa6a4dd43ed8d3900be4dcaf84727fac94ace21b77,0a4aaa33740b39ed5a9da95745551c771908ebfff377fa067c81edd44a7860fd,true,1573,577
P1-004,26d38172a0f57a99e8bf105167ce7fd4c49a66d7ec097954c30049a26fa8f6ee,390621833ec85c7cf8b7f71e7794cbe31a0da70798f56e0b89933c37d45931f8,true,1722,577
P1-005,b7bb05157c7b07f21db35e55dd1ce3b7deb948065637aea0ff8406f7701d79b2,264458402ba229e9047062ed2bda96db6959943ccdbce15de89818641edee3d8,true,1786,577
P1-006,fac4214b7d1fd46f1ed68082b135fe376fd6fcbb2f9e90c49741c4005bab753a,a87f7403b7546ae5e1a28de24ae7dd469f7ec77cb576752b2f8eb1d1da54e765,true,1557,581
P1-007,5a31ad89ce9ecba38e6415bf9367732acc8ea0977c44b493245a50358c6bbaef,b24367702f49fb39b724ca92bc2481f9bf597825d88d8aff9b136766e3717012,true,1699,581
P1-008,877661e6b6637546ff162abf68c9a953d1fb8a1a59acd1b70651729064e7dad5,956700ef715f306e91911d09934416eb3c6240b40f8d12fc19918b784fb302ee,true,1791,581
P1-009,a4b1c91ec794145c095892e6562dac0ddded2d5eb0ae731ff1dc0cd61183353e,7c77d1aeb52ea670cfe3c3b1fb8c2687d252b1317df61b7ea1f2ca013fffd503,true,1853,581
P1-010,bb55b110e150e7591cda146a7115a2fcc95d22ccd3db93bf82ac5e961b7dd394,b1344ab6e43346000705ef5d6449ded5df80971d3d39ae5a84ce60dcc617874f,true,1467,581
P1-011,835d2340413b01c8b84cc3e151fcf65992f5da3d904496c81b30cd743905c07e,1957b94fa572e332d91cec65bce04802c9ed3efc3a192baaf8f81b87a109805b,true,1682,585
P1-012,109a4de9e540c339c4cd825ff342c722aae9d59bea865445764cd9057b5475ba,002ddf59e6e4ecbb3b4011425a7a684a8d540f126c0e8c0776106272dd55efc2,true,1834,585
P1-013,adf35984dca086275fcf5aa4ed48bd01b7e2780543dc3f94573a3f65dcccf526,c9a1cf81efa1cd6a0820c5c4a11b26950437e48c2fb7fabfc415c35c0baf13c6,true,1805,585
P1-014,6614dfb11d3d03aa52df621a137d6990a6f82be66da77b78a8d9693d2ccb7e3f,0710c9d72c036748bda4755d9573685aaf718857686d9de5ac18ea9cc3881841,true,1847,585
P1-015,e5d4c45dfb8b745ccd5d84b351e77efc7f2c1cd2fbae717e31e118784e01c467,c7e92e87112b3c1c00cc063a613d1d818156422e20065056178f68502d7c682b,true,1586,585
P1-016,adf3c14ced9560aec85bca4851f1f847a7b864941d5398f231fe96047726b8c4,dd2d86e94f67bee3afe82f919bc9511eca466d50f8a664051bb9ce83c1d27be9,true,1738,555
P1-017,b16e81bfb28c3287aee199959f6ee5a5ac1ce779c410359ab581dafb9f908192,9dc1e2e23dc118d54336ee383016082eca77ca1ab893c6ba59ad0e6112e25ced,true,1456,555
P1-018,cd90f321bf905ae23a34574509366ef384b22a497ad9c7af9bc78ca239d582f9,f6d7591250a1c0aad7e4c9e11a7305d00dde46c0fbc9bf29b5c9cd2f9e91ea03,true,1723,555
P1-019,3432c9a66736cd1a78c8420caed29e121109c3f52d194a84de2aaf0b8e8f306b,15836a4a79479d23f48800fb03038e73fc25ec38cb5ea6ccdd2f9a82f47e106d,true,1752,555
P1-020,18ab3e8befd01c3b181fe3d6f030676edda1f58a5c75d525027dd9099d36f618,2756df059d0dcc7c1d226b149ceada90463788cd6bf0c5f4a7cb19c3540136f0,true,1457,555
P1-021,8a0dd1e3485731963463ce3c353a11b2341d6f4f91eafd62602a26dbb1f3f4eb,2c4df08b645cdf4b8881fd59b5c71a1f9c74f5df480d7e98e4846c93a6d94db8,true,1523,559
P1-022,b263a758b27fdd36198589ba5363885ceb3cc3f606157aa059498242d2c356f3,8e3fc32d29803a5593a45d119cbe4ad8c26eabca5289ff1a79bcfcae4974c6ab,true,1817,559
P1-023,8f763ef192eb63a202a014a098ed65827bcb26151c8e5313fef550444f9b0fa8,3a89217778ad0a93da79f23f48c9cb01b8a187c570911406b47bfc384bc40944,true,1464,559
P1-024,c286c84c9b56d36039c7ae6f1d6db3843b5234fbf35613b7a674d943de70f4c3,9d641d593e06de893fb18948a1640726fc2874dd5a7ad7b844ffd51505644a78,true,1511,559
P1-025,d89aedbc13d885ae09bf572f208e1386f5280282eedb3bdb7cebebdc50452c04,9ed5d5f57dc8c9ddbc5984192a81267424534d5bd52f54270774f6f651124063,true,1697,559
P1-026,36e2f4ac0db18dc04480bf1ef48da2f7a7b6bfceb9fc92f8989d599befc8a691,6572b9ad28e475635b1a2b2381948fbc86654f3e47463aa13a66aefb2fd57277,true,1734,563
P1-027,95382725cbca23143ddfa002c33531986bdc7d4cc251ee6b50de9a92e6c07f12,ee1dfc5c32e7146da2f1c30d69ce5eed05b2bc5c25f6b95658079117d6414dce,true,1484,563
P1-028,d29e7b7fbe5966fe6937a2fcfa74ad0758a02cc99d8d61166836ba7c7597e1a6,d7785afa936a027cf600da7fcccddd659d87b5f12ff5d7996d5e5b341b67deeb,true,1483,563
P1-029,27fc948082923d002dd67b4fa9306568b8798d7fb52691ac1e5e41203e491326,45c5276e611b690c8261ddddcfc389c65e136869627e7c1cc7c1d97a4ca6f883,true,1585,563
P1-030,73ef35afac2ac48aebfcfd37a0c4ea16e0682261591d5ea97f085d0997185f6b,887e27b54b112c26712dd529fb04927a320272f7b28e574565b0b12de84556b9,true,1523,563
P1-031,6ade6ed2ff61cad343b29e424fa510f90a9893c34b3ee4434636d53ee473ba6c,c0b86e3f0dfbca1a490ae541e6fe4e568072749b4bc61d4c8c78e08af49d8305,true,1552,575
P1-032,a2046d3f3c3bf3c901548754c1017eb5c54b2bb4dad88f9ec74b821f73d1e5c1,8890e574324ef595f7b7ee3325b82554a95483ce5fa60c95ebdbbf6e1837a1ee,true,1554,575
P1-033,ecd4fd3251166d059b42e2810ba8d2d3f7fe10cdd2d95539f25571661841f0ba,991b3193febcc68ae3b0afada72ce750a216e24fac844e4adb6c089a17bfe278,true,1506,575
P1-034,00d9a7a5a8c9b3e66db94ee5cf8ef8b05abeebf093ddd19b45f349b485f5c3a9,9189e6a67f89c8935bb63874199de1fea7800c2c26af4b81a11a284d334034e3,true,1551,575
P1-035,4073109300cee1a6bca569f65d73e87cc1ac15651c17de6b7c5c2806921454b9,a3ca4e194686bb12a09f0115a3e40ba1adaaae77bb34a586b921ac34f243b712,true,1554,575
P1-036,a7a2e273048fbdec98d6c9f2d431853528590dfe11af950378e53418dbd4a52f,c31e792f4649ee909d61728753b85b08189f9f646d98e45cbdbf3e4d12b94645,true,1557,579
P1-037,3ba11fcb76d211a20d1fc8983a5351a4ab038cae2aa296b5d6f3e4c5ecfc6b69,37591307dbf1b050a9422b9aba84e05a05d808bd22e10a08f6d159bb71922258,true,1575,579
P1-038,77b17c68ce9ac9f7dfa2355a383f69d98e370b3796d6fae4aac92fd90a8e8828,c9adfd9f8e546a09ea77f64af4af8cf338aa4ffd178e2943c1395e128bffc7f8,true,1579,579
P1-039,ae1d203518c7b2ba44aeb55e06cfb1926ec3650e00be55a860f918be4469e690,e854d5c6c2de0ad3bceba58454114fff9fc156b39a33d02a66941689044f19e8,true,1561,579
P1-040,7259049076bf694b0f0fa553473f2ad88d7cdc5dd70821cd39d2a88650bcb350,51a602e648870c01a9c433ec089b21ac857f1688bb01e139f9c0e8317da0bb88,true,1589,579
P1-041,145fd02d57c72d34b3c34f1d8025d3c0bf4010bfeaad026b096226db31419a83,5c977aece5bf924c139fec53214cee7c01fb8cae86914fcb2d056132363c3dbc,true,1469,583
P1-042,7a5314ca22be04f240c9d082aea474a7397fac7389e27b86001f8eac5a8d29ab,a50b7f3dc73694f79ad6df20933a85692abc834a45ddb113e3ef2aebb3721716,true,1499,583
P1-043,102b959fea0dd5bb8076f15857568a3fef4d203b76caf293cea721261cb3f92d,5c01940c45fc1581a7fb273b26c8d1454a5bf2d13f0d56279f1b0ded4232d47a,true,1661,583
P1-044,91803e437aed2dda2e5aa644b796567ef501dba9ce42c91a75b3c9dd32e7ab42,55d98d3b17a0e38ab1dff210e9608d31b3b155e73704d3ccdd02d9bb4f2e88a5,true,1583,583
P1-045,516d78d3fca992732ca1948a6054088365a72c50b79d37c8d9628fadf51c8869,30000e7bb3a115d7b1a2d14c68024df88b0539cab3648ee21a40bd9bdc330d96,true,1536,583
P1-046,02f1124e11e421ecf2149289d0569d0387b0cbe6e9073e18abf286ac884dbdfd,2f2f5461c24a220a54df8cec2eea84ec30347ea1db7afa873b1e4db80a2e27ad,true,1458,553
P1-047,f89c9866147c184e6b1b6658f0cf010c78952fb24c2cac699d3f541814cf67d5,3b2c4fbde3334f0f585dcdc1ee667b1c6f9b9efbe6c3aafa8a1330fea34aa1ce,true,1456,553
P1-048,c22fc20291f20e1d797447cb77c032707be2492770a89ee7e768c9a299da7381,48e2423dad1c20a6a9ec0444b82df80db6578a29b12ff2eb4b52d7937997478c,true,1363,553
P1-049,7dd168749440072ef7ace656b9b8cdf5f7c6a0da9868406ef2524b3c729beab9,210c825aa70cbdd365b4d82adb41d7f6fa2bcb17717c0fa4f408d623694d08e6,true,1477,553
P1-050,044bf5c877240120c0edd5f23841059e4279b8bc5332891dbabdc1b67a9e1688,a692354136600f6b4d7346eb219735ef3e215e59d553e4adce05b85bb621a5eb,true,1458,553
P1-051,b2d91edf18483d4f12ef9956caaa1eb2abffc9a09223f7105e5e19b119fa2f21,a3fa84fd554f0545c8409911a85ae54fa6cb65611b1ae1f4f5b3614b45255f27,true,1464,557
P1-052,ff87c0560de489c8ea34a33326137bcccb1b67dd1be53819af8cf0676b1fb443,60cfa3264acebc38fbba04216193a092487d6c724e1e390b21230ca87e6f87e0,true,1464,557
P1-053,b70770e04088f95419169388ad7dec1fd08ebd67a67ffa41a86d0c0c36b7eaf4,da9679a5a9ae47811c47217805bdc3cf6a0110ea5dc9babfe57c8e5356683658,true,1489,557
P1-054,f41c112c161cf1107d5f6c4a7281dcfefbfa36f86e1c36f0f77a27d2441c86dd,355594214d9cb5415f40416d7d2d759b3c773a2b4658c5bec26c83e9da3fe1b3,true,1494,557
P1-055,60cc6c0378e7e646bb7d7bed400d23418c92ceef8ca5f827272b409069dc6a42,23374ab31e63aa72eabc959b4cb9aa2521d99ce4044356ff392b214e20ad37e4,true,1465,557
P1-056,4d2160b12654899ef088cfc75759fb6366d919e2f5ffe794bf6b2e9ad680400b,0cf5d130be1d6599c1cad196d94f664a8c7b6a36c922f5b619cf543128a9c6cc,false,1469,561
P1-057,0ab2a9a0913625f0bf0966390cf41d13ca80afb9efce83b878dc477bcfd0be12,6033735f9af66628fe019f3459b86f6945f2aff7447932a5ebbab37dc54d8a93,true,1470,561
P1-058,fd09f92899a8f6daca38646fef7799e83e18549ac3d50b6ffc9bcc72bee059ac,5f566c7be1f9bb65f0c32bc696d58805de48166adf5fad55e180ccb6e9df3a51,true,1501,561
P1-059,a462a4fdc28e40e16b414e24888635f68b7a6ef5f5f25ce73decfbe05d430488,9da7551638c88b97e5ae57f803d8754c3c0e78c810b7ae5100210c924b1952f4,true,1368,561
P1-060,0bb9ff4b11ec7036dc41086a40435f5ef89722f6528ad725c979e8f64620a845,1ef1a125eaaa74dcbe06c11cadb59fad07e2b04bb7e8ac3dc55c88bb3aa134f4,true,1502,561
P1-061,c1c462bf3c398bce9cb834709953ac8a1859f0db0bb531726b93f7f5d692e495,656b3fe438f08379b8eeb9a7e64b565ffe7cd1bb1cdaf49c79a6099b509d3635,true,1211,573
P1-062,b9d581a272ca05155020e3586c44a70d34201af203214d1102638330594c9b9b,11f7cdddb256aca1ad65d12921f5714552629c873b3177e853ff445fc7ec9a70,true,1208,573
P1-063,6a67fdad97bfe27905e8040aa29adfd8985450f09c3c040dbc6b19590a69669b,e84e19cc50f77e4802cb8e49669e486abe29995b7ecc1afec05e31c00c44b4b0,true,1236,573
P1-064,c588fbc359b337fd31d411d1e96e8dd8496ddb4caeefc7a3c82a945f4e5da47e,88bf282dfc050506a3174b6ca4cfd99a1782b090d5ee09942f2dbc16fb65db30,true,1326,573
P1-065,b82a737cf69e40d4925e8fb730056c229abad3c5b40b7522ebf37129dafec05f,5ddb9fc38b70f9a0678f5520881abbab5ebbd0503d7099b1ab550b7ca9e26a10,true,1326,573
P1-066,1fdf052911898040970ec42304c8e33e6150a435d2a73ce2526da85b7f2c4192,b59ec54d115ae18f8a0d05b501a1a491f3c19f41d1dd0baf38beb859f88c0af7,true,1264,577
P1-067,b6009cb3646743f375b87cb2c09f094b335b853c1286deecf21c3f31152d634e,f17271f2ff17da2e7b9776096f7201396e6171c7dd23e724e53920d31939c322,true,1248,577
P1-068,805c67df2c0466655222c9e5de13a41699440ade5c1c490986b847daf231e2e5,6671acb65721818cba985d802af6c9b9b410c5d6ff4f6dc68f1c5f01757fc984,true,1217,577
P1-069,ec0ec2b7ed3cb5d9850f229b7671590740ea89a8176b6cf386dc274afb6d9c05,baf46116fa42d529bd741e5221b9323e3cf40a96fbfd9d94789d28982a714715,true,1287,577
P1-070,47d4eae6f176d148fbdc36b50eee803e0991579e5b4487fce653b2d3d5575383,0f9512898dcb26be904d5ae379bdc91c257022fada14197ad2dca15002f68b26,true,1217,577
P1-071,4ee2ad8757ac74fe230052b11b2759fd5e443be120f9c989cd6edf8944baf417,990945c3bb897df756e2381cff8f385c478a7c31f40a404676b7688756d594a0,true,1297,581
P1-072,32c02c6d495865199c10afe6b240a6be7f866df5e5c2ff7bba29694ec547f676,6f46f12d9df2e098d2bdf2f1998a170613aee7a44b81b8f3012a7d48b5182d53,true,1222,581
P1-073,345a9dff80508f697bfe2751bf7c6feb260d95c06b3915b79b29283d7d315a0d,fac3fccba3aa9c8c3787207cac08a0f5e70f279c4e827358970d5569b4a5de12,true,1192,581
P1-074,7b747df5c3893338557ed9a4ef261acd54d8e62c13f12a4855ebc018ab29b3a4,c99c70ce6d7133427276d4e08add86bf0e3a4fa3df2af66bf9d711861692b071,true,1222,581
P1-075,a09aeba7c8f83a434ce77ff3d60dacf8259d5f6715af43ef7cdbc83a494482a6,148cdb116911c408326135ee259ac06c9580bfd55ac647276315e16ba17afacd,true,1194,581
P1-076,5ed82fa459229f594398a90d5d24e5034829351fadaddaa88ddf53c594e720e6,eef221de600ef69f82288d0682de56a14a672d0114ce99c2fbf29c942fb1c949,true,1466,551
P1-077,450652370899210aaf1820bb21048270dcca1df7125637be0227d5bffeaf9773,df2a2b4dcad1fe54e8a249171747b15e17609cf1c68c59d03ae00fe4f48aec89,true,1181,551
P1-078,b5d8c5355811d916510f49f6d437b073c9b53c4693f43951bcf72118060ac83f,572817bc3b538609eb8dbb24189ed1a842aa6d7a77bdab3bf4885fe08aa78fae,true,1272,551
P1-079,d819cc34c091a1ee55cfa03f8dfd5b8cdd2fce4df1d433366068c9d84967a4c7,0285fa7e1bcdc1422984a7ee0c2a432c37e3713fe7cab67d5e05f92b245edc35,true,1224,551
P1-080,a5eab52fa49319aef875558887ee1c699bb0e00b63a20f1e5a71f6b8d7c722ff,74892d84b5d779cacba4748bb894ed5836cd72b2cb56d367e6072ad6e38af39a,true,1206,551
P1-081,c4d4393d67557df7bc454cb10fa5ddc787c8dedd2379f3af0e5dd996f8b50e8b,af241304c55e558c23986a08024aa729ccffd19dcc29759171f8a1f5889cd317,true,1187,555
P1-082,4d3853881aa044baada6dda638e4c69cf4fcaf1593a73fd5846b01c27ff3a4db,4567700575dcbc32982845bb0efb9bc69e0e7238adbfd41c5bf679c4ce6ddb68,true,1159,555
P1-083,ee3d94efdb1ca38b6706541fa6575d0beb3a7009766fe37935f00121823e6da5,3d180127d99d54db6728c0f0bb27a37ce7eb7c5b15ad8c4a36252838bc609cea,true,1245,555
P1-084,f3a8e065077e20e1a5eef7eccc48516f268e92a726757e6b8fc14f2037f8d0bf,9c54d87addce68c61b7918ee40affebd6137e72e35d4536b382775055c66f378,true,1157,555
P1-085,b87e3971dff1f4c52f7501dd62820aabdb995a63744bdec819b9fb2f55085a87,b481ff491ec28df786700ea61cd77951a3cfe655d8b9b6ccc674177c33ddd0f3,true,1208,555
P1-086,875a728d048dd392c80a73bbbaa7d350ece77ea4df595c250e86a2660557d966,69729333a82f8b3b1f47a4f6fadf9e11eb9f9a19e92404c3e264c0f669c64424,true,1161,559
P1-087,36e8a4800fa7ecbd2d0ef4e665679d216bb1c386f219d5afa034573882785a1e,2c7ce4d9e426f5ab4cd1d172191c91ac2bb84c096a57c2bbc460d7e65a223c0e,true,1259,559
P1-088,49429fc163f514a2378b958e32f088d20ba942206e33bbb8968dc9624ce99841,cd18f47539986c8dc9151d0654d1cd8d3ed694807b65b1dc7daa0b18a02c21b7,true,1161,559
P1-089,5e37bacf2ced1a5211a0430e97a26343857e9d81ed1735d4ad12720eaf2550cb,0c94d9b60910d5852904bfbe2f30d37431d4a7357a6afef98a5e64869af4ba6c,true,1159,559
P1-090,872d5378ad52481b0d30996fdd5ed2ff44a8ff39684790ebf8cb01cdfec02766,a8d4fa331cfe7d1b726e376c20f7e4286bc612b5d871723c2b0fb85c8cc83a07,true,1161,559
